<?xml version="1.0" encoding="ISO-8859-1"?>

<product productid="fbconnect" active="1">
	<title>Facebook Connect</title>
	<description>Allow your users to login with their Facebook account.</description>
	<version>2.0.5</version>
	<url>http://www.vbulletin.org/forum/showthread.php?t=198499</url>
	<versioncheckurl />
	<dependencies>
	</dependencies>
	<codes>
		<code version="2.0.3">
			<installcode><![CDATA[$db->query_write("CREATE TABLE IF NOT EXISTS `" . TABLE_PREFIX . "fbuser` (
  `fbuid` bigint(20) NOT NULL,
  `userid` int(11) NOT NULL,
  KEY `fbuid` (`fbuid`,`userid`)
)");

$db->query_write("CREATE TABLE IF NOT EXISTS `" . TABLE_PREFIX . "fbdatamap` (
  `vbfield` varchar(30) NOT NULL,
  `fbfield` varchar(30) NOT NULL,
  PRIMARY KEY  (`vbfield`)
)");

]]></installcode>
			<uninstallcode><![CDATA[$vbulletin->db->hide_errors();
$db->query_write("DROP TABLE `" . TABLE_PREFIX . "fbuser`");
$db->query_write("DROP TABLE `" . TABLE_PREFIX . "fbdatamap`");
$vbulletin->db->show_errors();]]></uninstallcode>
		</code>
	</codes>
	<templates>
		<template name="fbconnect_button" templatetype="template" date="1230078796" username="sllik" version="2.0.0"><![CDATA[<center>
		<span class="fbconnect" style="height:21px">
		<img src="http://static.ak.fbcdn.net/images/loaders/indicator_white_small.gif" alt="Connect with Facebook" />
		</span>
		</center>]]></template>
		<template name="fbconnect_init" templatetype="template" date="1230078665" username="sllik" version="2.0.0"><![CDATA[<script type="text/javascript">
<!--
	var bburl = '$vboptions[bburl]';
//-->
</script>
<script src="http://static.ak.connect.facebook.com/js/api_lib/v0.4/FeatureLoader.js.php" type="text/javascript"></script>
<script src="$vboptions[bburl]/clientscript/fbconnect.js" type="text/javascript"></script>
<script type="text/javascript">
<!--
	// Main Facebook Connect Javascript Initialization
	FB.init("$vboptions[fbconnect_apikey]", "$vboptions[fbconnect_xd_receiver]"); 
//-->
</script>]]></template>
		<template name="fbconnect_login" templatetype="template" date="1237423380" username="sllik" version="2.0.5"><![CDATA[$stylevar[htmldoctype]
<html xmlns="http://www.w3.org/1999/xhtml" dir="$stylevar[textdirection]" lang="$stylevar[languagecode]">
<head>
$headinclude
<script>
function fbconnect_checkusername(input)
{
	var usernamestatus = YAHOO.util.Dom.get('usernamestatus');
	var callback = 
	{
		success: function(o)
		{			
			if (o.responseText == 'available')
				usernamestatus.innerHTML = '$vbphrase[fbconnect_username_available]';
			else
				usernamestatus.innerHTML = '$vbphrase[fbconnect_username_not_available]';
		},
		
		failure: function(o)
		{
			
		}
		
		
	};
	
	YAHOO.util.Connect.asyncRequest('POST', 'ajax.php', callback, "do=checkusername&username=" + input.value);
}

function fb_prepare_submit(form)
{								
	FB.ensureInit(function() 
	{
		FB.Connect.showFeedDialog($vboptions[fbconnect_firstlogintemplateid], {'bbtitle': '$vboptions[bbtitle]', 'bburl': '$vboptions[bburl]'}, null, null, null, FB.RequireConnect.doNotRequire, function()
		{
			form.submit();
		});
	});		
	
	return false;			
}
	
</script>
<title>$vboptions[bbtitle] - $vbphrase[login_with_fbconnect]</title>
</head>
<body>

$header

<br />

<if condition="$show['errors']">
	<table class="tborder" cellpadding="$stylevar[cellpadding]" cellspacing="$stylevar[cellspacing]" border="0" width="100%" align="center">
	<tr>
		<td class="tcat">$vbphrase[errors_occurred_during_registration]</td>
	</tr>
	<tr>
		<td class="alt1"><ul>$errorlist</ul></td>
	</tr>
	</table>
	<br />
</if>

<form action="fblogin.php" name="register" method="post" onsubmit="return fb_prepare_submit(this)">
<input type="hidden" name="s" value="$session[sessionhash]" />
<input type="hidden" name="securitytoken" value="$bbuserinfo[securitytoken]" />
<input type="hidden" name="do" value="addmember" />
<input type="hidden" name="url" value="$url" />


<table class="tborder" cellpadding="$stylevar[cellpadding]" cellspacing="$stylevar[cellspacing]" border="0" width="100%" align="center">
<tr>
	<td class="tcat"><phrase>$vbphrase[login_with_fbconnect]</phrase></td>
</tr>
<tr>
	<td class="panelsurround" align="center">
	<div class="panel">
		<div style="width:$stylevar[formwidth]" align="$stylevar[left]">

			<div class="smallfont" style="margin-bottom:$stylevar[formspacer]px">
				<phrase 1="$vboptions[bbtitle]">$vbphrase[select_nickname]</phrase>
			</div>

			<div class="smallfont" style="margin-bottom:$stylevar[formspacer]px">
				<strong>$vbphrase[nickname]</strong>:<br />
				<input type="text" class="bginput" name="username" size="50" maxlength="$vboptions[maxuserlength]" value="$username" onkeyup="fbconnect_checkusername(this);" />
				<span id="usernamestatus" class="highlight"></span><br /><a href="fblogin.php?do=login">$vbphrase[use_existing_account]</a>
			</div>			
			<br />
			<fieldset class="fieldset">
				<legend>$vbphrase[receive_email]</legend>
				<a href="#" onclick="facebook_prompt_permission('email'); return false;">$vbphrase[set_email_notification_settings]</a>
			</fieldset>
			
		</div>
	</div>
	<div style="margin-top:$stylevar[cellpadding]px">
		<input type="submit" class="button" value="$vbphrase[log_in]" accesskey="s" />
		<input type="reset" class="button" name="Reset" value="$vbphrase[reset_fields]" />
	</div>
	</td>
</tr>
</table>
<br />

</form>

$footer

</body>
</html>]]></template>
		<template name="fbconnect_loginform" templatetype="template" date="1235781234" username="sllik" version="2.0.3"><![CDATA[$stylevar[htmldoctype]
<html xmlns="http://www.w3.org/1999/xhtml" dir="$stylevar[textdirection]" lang="$stylevar[languagecode]">
<head>
<if condition="$show['search_noindex']"><meta name="robots" content="noindex,follow" /></if>
$headinclude
	<title>$pagetitle</title>
$headinsert
</head>
<body>
$header

<!-- $_navbar // the navbar shows a login option that will break the purpose of this form -->
<br /><br /><br />

<table class="tborder" cellpadding="$stylevar[cellpadding]" cellspacing="$stylevar[cellspacing]" border="0" width="70%" align="center">
<tr>
	<td class="tcat">$vbphrase[vbulletin_message]</td>
</tr>
<tr>
	<td class="panelsurround" align="center">
	<div class="panel">
		<div align="$stylevar[left]">

			<script type="text/javascript" src="clientscript/vbulletin_md5.js?v=$vboptions[simpleversion]"></script>
			<form action="login.php?do=login" method="post" onsubmit="md5hash(vb_login_password, vb_login_md5password, vb_login_md5password_utf, $show[nopasswordempty])">
			<input type="hidden" name="do" value="login" />
			<input type="hidden" name="url" value="$vboptions[bburl]" />
			<input type="hidden" name="vb_login_md5password" />
			<input type="hidden" name="vb_login_md5password_utf" />
			<input type="hidden" name="mapfb" value="true" />
			$postvars

			<input type="hidden" name="s" value="$session[sessionhash]" />
			<input type="hidden" name="securitytoken" value="$bbuserinfo[securitytoken]" />

			<blockquote><p>$errormessage</p></blockquote>

			<fieldset class="fieldset">
				<legend>$vbphrase[log_in]</legend>
				
				<table cellpadding="0" cellspacing="$stylevar[formspacer]" border="0" align="center">
				<tr>
					<td>$vbphrase[username]:<br /><input type="text" class="bginput" name="vb_login_username" size="50" accesskey="u" tabindex="1" /></td>
				</tr>
				<tr>
					<td>$vbphrase[password]:<br /><input type="password" class="bginput" name="vb_login_password" size="50" tabindex="1" /></td>
				</tr>
				<tr>
					<td>
						<span style="float:$stylevar[right]"><a href="login.php?$session[sessionurl]do=lostpw">$vbphrase[forgotten_your_password]</a></span>
						<label for="cb_cookieuser"><input type="checkbox" name="cookieuser" value="1" id="cb_cookieuser" tabindex="1" />$vbphrase[remember_me]</label>
					</td>
				</tr>
				<tr>
					<td align="$stylevar[right]">
						<input type="submit" class="button" value="$vbphrase[log_in]" accesskey="s" tabindex="1" />
						<input type="reset" class="button" value="$vbphrase[reset_fields]" accesskey="r" tabindex="1" />
					</td>
				</tr>
				</table>
			</fieldset>

			</form>

		</div>
	</div>
	</td>
</tr>
</table>

<br />

<if condition="!$show['enableforumjump']">
<!-- forum jump -->
<table cellpadding="0" cellspacing="0" border="0" align="center">
<tr>
	<td>$forumjump</td>
</tr>
</table>
<!-- / forum jump -->
</if>

<br />

$footer

</body>
</html>]]></template>
		<template name="fbconnect_new_pm_notification" templatetype="template" date="1228867373" username="sllik" version="1.0"><![CDATA[You've received a new <a href="$vboptions[bburl]/private.php">private message</a> on <a href="$vboptions[bburl]">$vboptions[bbtitle]</a>]]></template>
		<template name="fbconnect_new_reply_notification" templatetype="template" date="1229985726" username="sllik" version="1.1.3"><![CDATA[$replyuser has replied to thread <a href="$vboptions[bburl]/showthread.php?p=$newpost[postid]#post$newpost[postid]">$threadinfo[title]</a> on <a href="$vboptions[bburl]">$vboptions[bbtitle]</a>]]></template>
		<template name="fbconnect_prepare_newthread_submit" templatetype="template" date="1237423268" username="sllik" version="2.0.4"><![CDATA[<script type="text/javascript">
<!--
	var isPreview = true;
	function fb_prepare_submit(form, title)
	{						
		if (vB_Editor['$editorid'].prepare_submit(title, $vboptions[postminchars]))
		{	
			if (isPreview || !$vboptions[fbconnect_enablefeeds] || !$vboptions[fbconnect_newreplytemplateid])
				return true;
				
			FB.ensureInit(function() 
			{				
				FB.Connect.showFeedDialog($vboptions[fbconnect_newthreadtemplateid], {'bbtitle': '$bbtitle', 'bburl': '$vboptions[bburl]', 'threadtitle': title, 'threadurl': '$vboptions[bburl]/forumdisplay.php?f=$foruminfo[forumid]'}, null, null, null, FB.RequireConnect.doNotRequire, function()
				{
					form.submit();
				});
			});
			
		}
		
		return false;			
	}
	
//-->
</script>]]></template>
		<template name="fbconnect_prepare_submit" templatetype="template" date="1237423256" username="sllik" version="2.0.4"><![CDATA[<script type="text/javascript">
<!--
	var isPreview = true;
	function fb_prepare_submit(form, title)
	{				
		if (vB_Editor['$editorid'].prepare_submit(title, $vboptions[postminchars]))
		{	
			if (isPreview || !$vboptions[fbconnect_enablefeeds] || !$vboptions[fbconnect_newreplytemplateid])
				return true;
				
			FB.ensureInit(function() 
			{
				FB.Connect.showFeedDialog($vboptions[fbconnect_newreplytemplateid], {'bbtitle': '$bbtitle', 'bburl': '$vboptions[bburl]', 'threadtitle': '$threadtitle', 'threadurl': '$vboptions[bburl]/showthread.php?t=$threadinfo[threadid]'}, null, null, null, FB.RequireConnect.doNotRequire, function()
				{
					form.submit();
				});
			});
			
		}
		
		return false;			
	}
	
//-->
</script>]]></template>
		<template name="fbconnect_qr_prepare_submit" templatetype="template" date="1237423279" username="sllik" version="2.0.4"><![CDATA[<script type="text/javascript">
	<!--
		function fb_qr_prepare_submit(form, minchars)
		{
			if (!$vboptions[fbconnect_enablefeeds] || !$vboptions[fbconnect_newreplytemplateid] || clickedelm == '$vbphrase[go_advanced]')
				return qr_prepare_submit(form, minchars);
				
			if (qr_check_data(form, minchars))
			{			
				FB.ensureInit(function() 
				{
					FB.Connect.showFeedDialog($vboptions[fbconnect_newreplytemplateid], {'bbtitle': '$bbtitle', 'bburl': '$vboptions[bburl]', 'threadtitle': '$threadtitle', 'threadurl': '$vboptions[bburl]/showthread.php?t=$threadinfo[threadid]'}, null, null, null, FB.RequireConnect.doNotRequire, function()
					{
						if (qr_prepare_submit(form, minchars))
							form.submit();					
					});
				});
				
			}
			
			return false;			
		}
	//-->
	</script>]]></template>
	</templates>
	<plugins>
		<plugin active="1" executionorder="5">
			<title>Ajax Actions</title>
			<hookname>ajax_complete</hookname>
			<phpcode><![CDATA[if ($_POST['do'] == 'checkusername')
{
	$vbulletin->input->clean_gpc('p', 'username', TYPE_STR);
	
	$userdata =& datamanager_init('User', $vbulletin, ERRTYPE_ARRAY);
	if ($userdata->verify_username($vbulletin->GPC['username']))
		echo 'available';
		
}]]></phpcode>
		</plugin>
		<plugin active="1" executionorder="5">
			<title>Init Mod Global Templates</title>
			<hookname>cache_templates</hookname>
			<phpcode><![CDATA[$globaltemplates = array_merge($globaltemplates, array(
	'fbconnect_init',
	'fbconnect_button'
));]]></phpcode>
		</plugin>
		<plugin active="1" executionorder="5">
			<title>Init Mod Global Templates</title>
			<hookname>error_generic</hookname>
			<phpcode>global $fbconnect_button;</phpcode>
		</plugin>
		<plugin active="1" executionorder="5">
			<title>Initial Checks</title>
			<hookname>global_complete</hookname>
			<phpcode><![CDATA[require_once(DIR . '/includes/facebook/facebook.php');
	
if ($_GET['fblogout'])
{
	if ($vbulletin->facebook == null)
		$vbulletin->facebook = new Facebook($vbulletin->options['fbconnect_apikey'], $vbulletin->options['fbconnect_secret']);
	
	try
	{
		$vbulletin->facebook->kill_cookies();
	}
	catch(FacebookRestClientException $ex)
	{
		
	}
}]]></phpcode>
		</plugin>
		<plugin active="1" executionorder="5">
			<title>Set Global Vars</title>
			<hookname>global_start</hookname>
			<phpcode><![CDATA[//set xd_receiver path
$path_parts = pathinfo($_SERVER['PHP_SELF']);
$vbulletin->options['fbconnect_xd_receiver'] = rtrim(parse_url($vbulletin->options['bburl'], PHP_URL_PATH), '/') . '/xd_receiver.htm';

//email check
if ($vbulletin->userinfo['email'])
{
	$email_parts = explode('@', $vbulletin->userinfo['email']);
	$email_host = $email_parts[1];
	
	if ($email_host == "proxymail.facebook.com")
	{
		$vbulletin->userinfo['fbemail'] = $vbulletin->userinfo['email'];
	}
}]]></phpcode>
		</plugin>
		<plugin active="1" executionorder="5">
			<title>Map FB User</title>
			<hookname>login_process</hookname>
			<phpcode><![CDATA[if ($_POST['mapfb'])
{
	require_once('./includes/facebook/facebook.php');

	if ($vbulletin->facebook == null)
		$vbulletin->facebook = new Facebook($vbulletin->options['fbconnect_apikey'], $vbulletin->options['fbconnect_secret']);
		
	$fbuid = intval($vbulletin->facebook->get_loggedin_user());

	if ($fbuid > 0)
	{
		//map fbuser to vbuser
		$vbulletin->db->query_write("
			INSERT IGNORE INTO " . TABLE_PREFIX . "fbuser
				(fbuid, userid)
			VALUES
				(" . $fbuid . ", " . intval($vbulletin->userinfo['userid']) . ")
		");
	}
}]]></phpcode>
		</plugin>
		<plugin active="1" executionorder="100">
			<title>Logout From Facebook Connect</title>
			<hookname>logout_process</hookname>
			<phpcode><![CDATA[require_once(DIR . '/includes/facebook/facebook.php');
require_once(DIR . '/includes/functions_fbconnect.php');

if (!$_GET['fblogout'])
{
	if ($vbulletin->facebook == null)
		$vbulletin->facebook = new Facebook($vbulletin->options['fbconnect_apikey'], $vbulletin->options['fbconnect_secret']);
	
	$vbulletin->facebook->kill_cookies();	
	$fbuid = intval($vbulletin->facebook->get_loggedin_user());	
	
	if ($fbuid > 0)
	{		
		
		
		$next = urlencode($vbulletin->options['bburl'] . "/login.php?do=logout&fblogout=true");
		$logouturl = "http://www.facebook.com/logout.php?app_key=" . $vbulletin->options['fbconnect_apikey'] . "&session_key=" . $vbulletin->facebook->api_client->session_key . "&next=$next";
		//$logouturl = "http://www.facebook.com/logout.php?next=" . "http://sllik2.homeip.net/other/vbconnect" . "/?fblogout=true";	
		$vbulletin->url = $logouturl;
		standard_redirect('fblogout_redirect', false);
		//fbconnect_logout($vbulletin->options['fbconnect_apikey'], $vbulletin->facebook->api_client->session_key);
	}
}]]></phpcode>
		</plugin>
		<plugin active="1" executionorder="5">
			<title>Import User Data From Facebook</title>
			<hookname>memberlist_bit</hookname>
			<phpcode><![CDATA[require_once(DIR . '/includes/functions_fbconnect.php');
set_fb_data($userinfo);]]></phpcode>
		</plugin>
		<plugin active="1" executionorder="5">
			<title>Import User Data From Facebook</title>
			<hookname>memberlist_fetch</hookname>
			<phpcode><![CDATA[require_once(DIR . '/includes/functions_fbconnect.php');

if ($vbulletin->options['fbconnect_importdata'])
{
	$query = "
		SELECT user.*,usertextfield.*,userfield.*, user.userid, options, fbuser.fbuid,
			IF(displaygroupid=0, user.usergroupid, displaygroupid) AS displaygroupid, infractiongroupid
		$repcondition
		" . iif($show['avatarcol'], ',avatar.avatarpath,NOT ISNULL(customavatar.userid) AS hascustomavatar,customavatar.dateline AS avatardateline, customavatar.width AS avwidth, customavatar.height AS avheight') ."
		" . iif($show['profilepiccol'], ',customprofilepic.userid AS profilepic, customprofilepic.dateline AS profilepicdateline, customprofilepic.width AS ppwidth, customprofilepic.height AS ppheight') . "
		$lastvisitcond
		$agecondition
		" . iif($usergroupid, ", NOT ISNULL(usergroupleader.usergroupid) AS isleader") . "
		$hook_query_fields
		FROM " . TABLE_PREFIX . "user AS user
		LEFT JOIN " . TABLE_PREFIX . "fbuser AS fbuser ON(user.userid = fbuser.userid)
		LEFT JOIN " . TABLE_PREFIX . "usertextfield AS usertextfield ON(usertextfield.userid=user.userid)
		LEFT JOIN " . TABLE_PREFIX . "userfield AS userfield ON(userfield.userid=user.userid)
		" . iif($show['reputationcol'], "LEFT JOIN " . TABLE_PREFIX . "reputationlevel AS reputationlevel ON(user.reputationlevelid=reputationlevel.reputationlevelid) ") . "
		" . iif($show['avatarcol'], "LEFT JOIN " . TABLE_PREFIX . "avatar AS avatar ON(avatar.avatarid = user.avatarid) LEFT JOIN " . TABLE_PREFIX . "customavatar AS customavatar ON(customavatar.userid = user.userid)") . "
		" . iif($show['profilepiccol'], "LEFT JOIN " . TABLE_PREFIX . "customprofilepic AS customprofilepic ON (user.userid = customprofilepic.userid) ") . "
		" . iif($usergroupid, "LEFT JOIN " . TABLE_PREFIX . "usergroupleader AS usergroupleader ON (user.userid = usergroupleader.userid AND usergroupleader.usergroupid=$usergroupid) ") . "
		$hook_query_joins
		WHERE $condition
			AND (user.usergroupid IN ($ids)" . (defined('MEMBERLIST_INCLUDE_SECONDARY') ? (" OR FIND_IN_SET(" . implode(', user.membergroupids) OR FIND_IN_SET(', $idarray) . ", user.membergroupids)") : '') . ")
			$hook_query_where
		ORDER BY $sqlsort $sortorder $secondarysortsql
		LIMIT " . ($limitlower - 1) . ", $perpage
	";		
				
	fetch_fbuser_info($query);
	
}]]></phpcode>
		</plugin>
		<plugin active="1" executionorder="5">
			<title>Import User Data From Facebook</title>
			<hookname>member_build_blocks_start</hookname>
			<phpcode><![CDATA[require_once(DIR . '/includes/functions_fbconnect.php');
set_fb_data($prepared);]]></phpcode>
		</plugin>
		<plugin active="1" executionorder="5">
			<title>Import User Data From Facebook</title>
			<hookname>member_profileblock_friendbit</hookname>
			<phpcode><![CDATA[require_once(DIR . '/includes/functions_fbconnect.php');
set_fb_data($user);]]></phpcode>
		</plugin>
		<plugin active="1" executionorder="5">
			<title>Import User Data From Facebook</title>
			<hookname>member_profileblock_profilefieldbit</hookname>
			<phpcode><![CDATA[require_once(DIR . '/includes/functions_fbconnect.php');
if ($id == 'aboutme')
{
	set_fb_data($profilefield, $this->profile->userinfo['userid'], true);
}]]></phpcode>
		</plugin>
		<plugin active="1" executionorder="5">
			<title>Prepare Reply Feed Prompt</title>
			<hookname>newreply_form_complete</hookname>
			<phpcode><![CDATA[require_once(DIR . '/includes/functions_fbconnect.php');
$bbtitle = addslashes($vbulletin->options['bbtitle']);
$threadtitle = addslashes($threadinfo['title']);
if ($vbulletin->options['fbconnect_enablefeeds'] && !get_fb_uid($vbulletin->userinfo['userid']))
	$vbulletin->options['fbconnect_enablefeeds'] = 0;
	
eval('$fb_prepare_submit = "' . fetch_template('fbconnect_prepare_submit') . '";');]]></phpcode>
		</plugin>
		<plugin active="1" executionorder="5">
			<title><![CDATA[New Reply Feed & Notification]]></title>
			<hookname>newreply_post_ajax</hookname>
			<phpcode><![CDATA[require_once(DIR . '/includes/facebook/facebook.php');
require_once(DIR . '/includes/functions_fbconnect.php');
require_once(DIR . '/includes/functions_misc.php');

//post news feed
/*
if ($vbulletin->options['fbconnect_enablefeeds'] && $vbulletin->options['fbconnect_newreplytemplateid'] && get_fb_uid($vbulletin->userinfo['userid']) > 0)
{
	if ($vbulletin->facebook == null)
		$vbulletin->facebook = new Facebook($vbulletin->options['fbconnect_apikey'], $vbulletin->options['fbconnect_secret']);
	
	$tokens = array( 
        'bbtitle' => $vbulletin->options['bbtitle'], 
		'bburl' => $vbulletin->options['bburl'], 
		'threadtitle' => $threadinfo['title'], 
        'threadurl' => $vbulletin->options['bburl']."/showthread.php?p=$newpost[postid]#post$newpost[postid]",
		'images' => array() 
	);	
	
	try
    {
        $vbulletin->facebook->api_client->feed_publishUserAction($vbulletin->options['fbconnect_newreplytemplateid'], $tokens, '', '', 1);
    }
    catch(FacebookRestClientException $ex)
    {
		
    }
    
}
*/

//notify user that there is a new reply
if (($vbulletin->options['fbconnect_ownthreadreplynotify']
	OR $vbulletin->options['fbconnect_instantthreadreplynotify']
	OR $vbulletin->options['fbconnect_subscribedthreadreplynotify']) AND $vbulletin->userinfo['userid'] != $threadinfo['postuserid']
)
{
	$users_to_notify = $db->query_read("
		SELECT DISTINCT fbuser.fbuid
		FROM " . TABLE_PREFIX . "subscribethread AS subscribethread, " . TABLE_PREFIX . "fbuser AS fbuser
		WHERE subscribethread.threadid = $threadinfo[threadid] AND ("
		
		. ($vbulletin->options['fbconnect_ownthreadreplynotify'] ? "fbuser.userid = $threadinfo[postuserid] OR (" : "(")
		. (($vbulletin->options['fbconnect_instantthreadreplynotify'] OR $vbulletin->options['fbconnect_subscribedthreadreplynotify']) ? "subscribethread.userid = fbuser.userid" : "0")
		. (($vbulletin->options['fbconnect_instantthreadreplynotify'] AND !$vbulletin->options['fbconnect_subscribedthreadreplynotify']) ? " AND subscribethread.emailupdate = 1" : "")
		. "))"
	);
	
	if ($db->num_rows($users_to_notify) > 0)
	{
		$fbuser = $db->fetch_array($users_to_notify);
		$fbusers = $fbuser['fbuid'];
		
		while ($fbuser = $db->fetch_array($users_to_notify))
		{
			$fbusers .= ",$fbuser[fbuid]";
		}

		if ($vbulletin->facebook == null)
			$vbulletin->facebook = new Facebook($vbulletin->options['fbconnect_apikey'], $vbulletin->options['fbconnect_secret']);		

		/*
		$notification = sprintf(fetch_phrase('new_own_thread_reply_notification', 'fbconnect'), 
			$vbulletin->options['bburl']."/member.php?u=$threadinfo[postuserid]", //user profile url
			$vbulletin->userinfo['username'], //username
			$vbulletin->options['bburl']."/showthread.php?p=$newpost[postid]#post$newpost[postid]", //thread url
			$threadinfo['title'], //thread title
			$vbulletin->options['bburl'], //bb url
			$vbulletin->options['bbtitle'] //bb title
		);
		*/

		
    	try
        {
			$fbuid = intval($vbulletin->facebook->get_loggedin_user());
			if ($fbuid > 0)
			{
				eval('$notification = "' . fetch_template('fbconnect_new_reply_notification') . '";');
				$vbulletin->facebook->api_client->notifications_send($fbusers, $notification, 'user_to_user');
			}
			else
			{
				$replyuser = '<a href="' . $vbulletin->options['bburl'].'/member.php?u=' . $vbulletin->userinfo['userid'] . '">' . $vbulletin->userinfo['username'] . '</a>';
				eval('$notification = "' . fetch_template('fbconnect_new_reply_notification') . '";');
				$vbulletin->facebook->api_client->notifications_send($fbusers, $notification, 'app_to_user');
			}
        }
    	catch(FacebookRestClientException $ex)
        {
        
        }

	}
}]]></phpcode>
		</plugin>
		<plugin active="1" executionorder="5">
			<title><![CDATA[New Reply Feed & Notification]]></title>
			<hookname>newreply_post_complete</hookname>
			<phpcode><![CDATA[require_once(DIR . '/includes/facebook/facebook.php');
require_once(DIR . '/includes/functions_fbconnect.php');
require_once(DIR . '/includes/functions_misc.php');

//post news feed
/*
if ($vbulletin->options['fbconnect_enablefeeds'] && $vbulletin->options['fbconnect_newreplytemplateid'] && get_fb_uid($vbulletin->userinfo['userid']) > 0)
{
	if ($vbulletin->facebook == null)
		$vbulletin->facebook = new Facebook($vbulletin->options['fbconnect_apikey'], $vbulletin->options['fbconnect_secret']);
	
	$tokens = array( 
        'bbtitle' => $vbulletin->options['bbtitle'], 
		'bburl' => $vbulletin->options['bburl'], 
		'threadtitle' => $threadinfo['title'], 
        'threadurl' => $vbulletin->options['bburl']."/showthread.php?p=$newpost[postid]#post$newpost[postid]",
		'images' => array() 
	);	
	
	try
    {
        $vbulletin->facebook->api_client->feed_publishUserAction($vbulletin->options['fbconnect_newreplytemplateid'], $tokens, '', '', 1);
    }
    catch(FacebookRestClientException $ex)
    {
		
    }
    
}
*/

//notify user that there is a new reply
if (($vbulletin->options['fbconnect_ownthreadreplynotify']
	OR $vbulletin->options['fbconnect_instantthreadreplynotify']
	OR $vbulletin->options['fbconnect_subscribedthreadreplynotify']) AND $vbulletin->userinfo['userid'] != $threadinfo['postuserid']
)
{
	$users_to_notify = $db->query_read("
		SELECT DISTINCT fbuser.fbuid
		FROM " . TABLE_PREFIX . "subscribethread AS subscribethread, " . TABLE_PREFIX . "fbuser AS fbuser
		WHERE subscribethread.threadid = $threadinfo[threadid] AND ("
		
		. ($vbulletin->options['fbconnect_ownthreadreplynotify'] ? "fbuser.userid = $threadinfo[postuserid] OR (" : "(")
		. (($vbulletin->options['fbconnect_instantthreadreplynotify'] OR $vbulletin->options['fbconnect_subscribedthreadreplynotify']) ? "subscribethread.userid = fbuser.userid" : "0")
		. (($vbulletin->options['fbconnect_instantthreadreplynotify'] AND !$vbulletin->options['fbconnect_subscribedthreadreplynotify']) ? " AND subscribethread.emailupdate = 1" : "")
		. "))"
	);
	
	if ($db->num_rows($users_to_notify) > 0)
	{
		$fbuser = $db->fetch_array($users_to_notify);
		$fbusers = $fbuser['fbuid'];
		
		while ($fbuser = $db->fetch_array($users_to_notify))
		{
			$fbusers .= ",$fbuser[fbuid]";
		}

		if ($vbulletin->facebook == null)
			$vbulletin->facebook = new Facebook($vbulletin->options['fbconnect_apikey'], $vbulletin->options['fbconnect_secret']);		

		/*
		$notification = sprintf(fetch_phrase('new_own_thread_reply_notification', 'fbconnect'), 
			$vbulletin->options['bburl']."/member.php?u=$threadinfo[postuserid]", //user profile url
			$vbulletin->userinfo['username'], //username
			$vbulletin->options['bburl']."/showthread.php?p=$newpost[postid]#post$newpost[postid]", //thread url
			$threadinfo['title'], //thread title
			$vbulletin->options['bburl'], //bb url
			$vbulletin->options['bbtitle'] //bb title
		);
		*/

		
    	try
        {
			$fbuid = intval($vbulletin->facebook->get_loggedin_user());
			if ($fbuid > 0)
			{
				eval('$notification = "' . fetch_template('fbconnect_new_reply_notification') . '";');
				$vbulletin->facebook->api_client->notifications_send($fbusers, $notification, 'user_to_user');
			}
			else
			{
				$replyuser = '<a href="' . $vbulletin->options['bburl'].'/member.php?u=' . $vbulletin->userinfo['userid'] . '">' . $vbulletin->userinfo['username'] . '</a>';
				eval('$notification = "' . fetch_template('fbconnect_new_reply_notification') . '";');
				$vbulletin->facebook->api_client->notifications_send($fbusers, $notification, 'app_to_user');
			}
        }
    	catch(FacebookRestClientException $ex)
        {
        
        }

	}
}]]></phpcode>
		</plugin>
		<plugin active="1" executionorder="5">
			<title>Prepare New Thread Feed Prompt</title>
			<hookname>newthread_form_complete</hookname>
			<phpcode><![CDATA[require_once(DIR . '/includes/functions_fbconnect.php');
$bbtitle = addslashes($vbulletin->options['bbtitle']);
if ($vbulletin->options['fbconnect_enablefeeds'] && !get_fb_uid($vbulletin->userinfo['userid']))
	$vbulletin->options['fbconnect_enablefeeds'] = 0;
	
eval('$fb_prepare_submit = "' . fetch_template('fbconnect_prepare_newthread_submit') . '";');]]></phpcode>
		</plugin>
		<plugin active="0" executionorder="5">
			<title>New Thread Feed</title>
			<hookname>newthread_post_complete</hookname>
			<phpcode><![CDATA[require_once(DIR . '/includes/facebook/facebook.php');
require_once(DIR . '/includes/functions_fbconnect.php');
require_once(DIR . '/includes/functions_misc.php');

//post news feed
if ($vbulletin->options['fbconnect_enablefeeds'] && $vbulletin->options['fbconnect_newthreadtemplateid'] && get_fb_uid($vbulletin->userinfo['userid']) > 0)
{
	if ($vbulletin->facebook == null)
		$vbulletin->facebook = new Facebook($vbulletin->options['fbconnect_apikey'], $vbulletin->options['fbconnect_secret']);
	
	$tokens = array( 
        'bbtitle' => $vbulletin->options['bbtitle'], 
		'bburl' => $vbulletin->options['bburl'], 
		'threadtitle' => $threadinfo['title'], 
        'threadurl' => $vbulletin->options['bburl']."/showthread.php?p=$newpost[postid]#post$newpost[postid]",
		'images' => array() 
	);	
	
	try
    {
        $vbulletin->facebook->api_client->feed_publishUserAction($vbulletin->options['fbconnect_newthreadtemplateid'], $tokens, '', '', 1);
    }
    catch(FacebookRestClientException $ex)
    {

    }
    
}]]></phpcode>
		</plugin>
		<plugin active="1" executionorder="5">
			<title>Init Mod Global Templates</title>
			<hookname>parse_templates</hookname>
			<phpcode><![CDATA[eval('$fbconnect_init = "' . fetch_template('fbconnect_init') . '";');
eval('$fbconnect_button = "' . fetch_template('fbconnect_button') . '";');]]></phpcode>
		</plugin>
		<plugin active="1" executionorder="5">
			<title>Import User Data From Facebook</title>
			<hookname>postbit_display_complete</hookname>
			<phpcode><![CDATA[require_once(DIR . '/includes/functions_fbconnect.php');
set_fb_data($post);]]></phpcode>
		</plugin>
		<plugin active="1" executionorder="5">
			<title>New PM Notification</title>
			<hookname>private_insertpm_complete</hookname>
			<phpcode><![CDATA[require_once(DIR . '/includes/facebook/facebook.php');
require_once(DIR . '/includes/functions_fbconnect.php');

if ($vbulletin->options['fbconnect_newpmnotify'])
{
    //get facebook users of those who were messaged
    $pmusers = '';
    foreach($pmdm->info['recipients'] as $recipient)
    {
        $pmusers .= "$recipient[userid],";
    }
    
    $pmusers .= '0';
    
    $fbusers = $db->query_read("
		SELECT fbuid
		FROM " . TABLE_PREFIX . "fbuser AS fbuser
		WHERE fbuser.userid IN ($pmusers) 
	");

	//do we have facebook users?
	if ($db->num_rows($fbusers) > 0)
	{
    	$fbuser = $db->fetch_array($fbusers);
    	$pmusers = "$fbuser[fbuid]";
    	while ($fbuser = $db->fetch_array($fbusers))
    	{
    	    $pmusers .= ",$fbuser[fbuid]";
    	}
    	    	
    	if ($vbulletin->facebook == null)
			$vbulletin->facebook = new Facebook($vbulletin->options['fbconnect_apikey'], $vbulletin->options['fbconnect_secret']);
		
    	//send the notification
		/*
    	$notification = sprintf(fetch_phrase('new_pm_notification', 'fbconnect'), 
			$vbulletin->options['bburl']."/private.php", //pm url
			$vbulletin->options['bburl'], //bb url
			$vbulletin->options['bbtitle'] //bb title
		);
		*/
		
		eval('$notification = "' . fetch_template('fbconnect_new_pm_notification') . '";');
        try
        {
            $vbulletin->facebook->api_client->notifications_send($pmusers, $notification, 'app_to_user');
        }
    	catch(FacebookRestClientException $ex)
        {
        
        }
	}
}]]></phpcode>
		</plugin>
		<plugin active="1" executionorder="5">
			<title>Prepare QR Feed Prompt</title>
			<hookname>showthread_complete</hookname>
			<phpcode><![CDATA[require_once(DIR . '/includes/functions_fbconnect.php');
$bbtitle = addslashes($vbulletin->options['bbtitle']);
$threadtitle = addslashes($threadinfo['title']);

if ($vbulletin->options['fbconnect_enablefeeds'] && !get_fb_uid($vbulletin->userinfo['userid']))
	$vbulletin->options['fbconnect_enablefeeds'] = 0;
	
eval('$fb_qr_prepare_submit = "' . fetch_template('fbconnect_qr_prepare_submit') . '";');]]></phpcode>
		</plugin>
		<plugin active="1" executionorder="5">
			<title>Templates Group</title>
			<hookname>template_groups</hookname>
			<phpcode><![CDATA[$only['fbconnect'] = 'Facebook Connect';]]></phpcode>
		</plugin>
	</plugins>
	<phrases>
		<phrasetype name="FB Connect" fieldname="fbconnect">
			<phrase name="create_templates" date="1228877221" username="sllik" version="1.0"><![CDATA[Create New Templates]]></phrase>
			<phrase name="data_import_is_off" date="1230139106" username="sllik" version="1.1.3"><![CDATA[<b>NOTE:</b> Facebook data importing is currently turned off. <a href="options.php?dogroup=fbconnect">Click here</a> to change settings.]]></phrase>
			<phrase name="datamap_updated" date="1230147608" username="sllik" version="1.1.3"><![CDATA[Data map has been successfully updated.]]></phrase>
			<phrase name="deactivate_templates" date="1228877155" username="sllik" version="1.0"><![CDATA[Deactivate Templates]]></phrase>
			<phrase name="fbconnect_username_available" date="1228873630" username="sllik" version="1.0"><![CDATA[Available]]></phrase>
			<phrase name="fbconnect_username_not_available" date="1228873652" username="sllik" version="1.0"><![CDATA[Not Available]]></phrase>
			<phrase name="fblogin_redirect" date="1228857472" username="sllik" version="1.0"><![CDATA[Logging in with Facebook Connect. ]]></phrase>
			<phrase name="field_map_deleted" date="1230146636" username="sllik" version="1.1.3"><![CDATA[Field mapping has been deleted successfully.]]></phrase>
			<phrase name="login_with_fbconnect" date="1228861549" username="sllik" version="1.0"><![CDATA[Login With Facebook Connect]]></phrase>
			<phrase name="map_facebook_data" date="1230138378" username="sllik" version="1.1.3"><![CDATA[Map Facebook Data]]></phrase>
			<phrase name="nickname" date="1228861562" username="sllik" version="1.0"><![CDATA[Nickname]]></phrase>
			<phrase name="no_apikey" date="1228875780" username="sllik" version="1.0"><![CDATA[Before you can register news-feed templates you must set your Facebook application's API key and secret. <a href="options.php?do=options&dogroup=fbconnect">Click here</a> to do so.]]></phrase>
			<phrase name="no_templates_registered" date="1228878004" username="sllik" version="1.0"><![CDATA[There are no template bundles registered.]]></phrase>
			<phrase name="register_newsfeed_templates" date="1228878666" username="sllik" version="1.0"><![CDATA[Facebook Connect - Register News-Feed Templates]]></phrase>
			<phrase name="register_templates" date="1228877051" username="sllik" version="1.0"><![CDATA[Register Default Templates]]></phrase>
			<phrase name="registered_templates" date="1228878675" username="sllik" version="1.0"><![CDATA[Registered News-Feed Templates]]></phrase>
			<phrase name="select_nickname" date="1228861569" username="sllik" version="1.0"><![CDATA[Please select a nickname you want to use on {1}]]></phrase>
			<phrase name="use_existing_account" date="1228955767" username="sllik" version="1.0.2"><![CDATA[Want to use your existing username?]]></phrase>
		</phrasetype>
		<phrasetype name="GLOBAL" fieldname="global">
			<phrase name="fbconnect_email_settings" date="1228874502" username="sllik" version="1.0"><![CDATA[Email Settings]]></phrase>
			<phrase name="set_email_notification_settings" date="1229048254" username="sllik" version="1.0.2"><![CDATA[Set email notification settings.]]></phrase>
		</phrasetype>
		<phrasetype name="vBulletin Settings" fieldname="vbsettings">
			<phrase name="setting_fbconnect_apikey_desc" date="1228605723" username="sllik" version="1.0"><![CDATA[The API Key of the application through which vBulletin and Facebook will be communicating.]]></phrase>
			<phrase name="setting_fbconnect_apikey_title" date="1228605723" username="sllik" version="1.0"><![CDATA[Facebook Application API Key]]></phrase>
			<phrase name="setting_fbconnect_defaultgroup_desc" date="1228778930" username="sllik" version="1.0"><![CDATA[Facebook users will be associated with this group. By default this is the Registered Users (id:2) group but it is strongly recommended to create a separate group for Facebook users.]]></phrase>
			<phrase name="setting_fbconnect_defaultgroup_title" date="1228778930" username="sllik" version="1.0"><![CDATA[Default User Group ID]]></phrase>
			<phrase name="setting_fbconnect_enablefeeds_desc" date="1230076713" username="sllik" version="1.1.3"><![CDATA[Post news-feeds to the user's wall on Facebook?]]></phrase>
			<phrase name="setting_fbconnect_enablefeeds_title" date="1230076713" username="sllik" version="1.1.3"><![CDATA[Enable Feeds]]></phrase>
			<phrase name="setting_fbconnect_firstlogintemplateid_desc" date="1228881902" username="sllik" version="1.0"><![CDATA[The ID of the news-feed template bundle that will be posted to the user's news-feed after the user has logged in with Facebook Connect for the first time. <a href="fbconnect_registertemplates.php">Click here</a> to manage news-feed template bundles.]]></phrase>
			<phrase name="setting_fbconnect_firstlogintemplateid_title" date="1228847502" username="sllik" version="1.0"><![CDATA[First Login Feed Template ID]]></phrase>
			<phrase name="setting_fbconnect_importdata_desc" date="1230234896" username="sllik" version="1.1.3"><![CDATA[Would you like to import user data (name, location, etc) from Facebook? <a href="fbconnect_datamap.php">Click here</a> to map data to vBulletin fields. <b>NOTE: This may slow down the performance of the board as the data has to be fetched on the fly.</b>]]></phrase>
			<phrase name="setting_fbconnect_importdata_title" date="1230234896" username="sllik" version="1.1.3"><![CDATA[Import User Data From Facebook]]></phrase>
			<phrase name="setting_fbconnect_importfriends_desc" date="1230311913" username="sllik" version="1.1.3"><![CDATA[Automatically befriend user's Facebook friends?]]></phrase>
			<phrase name="setting_fbconnect_importfriends_title" date="1230311913" username="sllik" version="1.1.3"><![CDATA[Import User Friends From Facebook]]></phrase>
			<phrase name="setting_fbconnect_instantthreadreplynotify_desc" date="1228774402" username="sllik" version="1.0"><![CDATA[Send a Facebook notification to the user when there is a new reply to a thread that the user is subscribed to with instant email notification?]]></phrase>
			<phrase name="setting_fbconnect_instantthreadreplynotify_title" date="1228774402" username="sllik" version="1.0"><![CDATA[New (IEN) Thread Reply Notification]]></phrase>
			<phrase name="setting_fbconnect_newpmnotify_desc" date="1228773206" username="sllik" version="1.0"><![CDATA[Send a Facebook notification to the user when the user receives a new PM?]]></phrase>
			<phrase name="setting_fbconnect_newpmnotify_title" date="1228773206" username="sllik" version="1.0"><![CDATA[New PM Notification]]></phrase>
			<phrase name="setting_fbconnect_newreplytemplateid_desc" date="1228881941" username="sllik" version="1.0"><![CDATA[The ID of the news-feed template bundle that will be posted to the user's news-feed when the user replied to a thread. <a href="fbconnect_registertemplates.php">Click here</a> to manage news-feed template bundles.]]></phrase>
			<phrase name="setting_fbconnect_newreplytemplateid_title" date="1228847573" username="sllik" version="1.0"><![CDATA[New Reply Feed Template ID]]></phrase>
			<phrase name="setting_fbconnect_newthreadtemplateid_desc" date="1228881954" username="sllik" version="1.0"><![CDATA[The ID of the news-feed template bundle that will be posted to the user's news-feed when the user create a thread. <a href="fbconnect_registertemplates.php">Click here</a> to manage news-feed template bundles.]]></phrase>
			<phrase name="setting_fbconnect_newthreadtemplateid_title" date="1228847549" username="sllik" version="1.0"><![CDATA[New Thread Feed Template ID]]></phrase>
			<phrase name="setting_fbconnect_ownthreadreplynotify_desc" date="1228774783" username="sllik" version="1.0"><![CDATA[Send a Facebook notification to the user when there is a new reply to own thread?]]></phrase>
			<phrase name="setting_fbconnect_ownthreadreplynotify_title" date="1228774783" username="sllik" version="1.0"><![CDATA[New Own Thread Reply Notification]]></phrase>
			<phrase name="setting_fbconnect_secret_desc" date="1228605811" username="sllik" version="1.0"><![CDATA[The secret of the application through which vBulletin and Facebook will be communicating.]]></phrase>
			<phrase name="setting_fbconnect_secret_title" date="1228605811" username="sllik" version="1.0"><![CDATA[Facebook Application Secret]]></phrase>
			<phrase name="setting_fbconnect_subscribedthreadreplynotify_desc" date="1228774714" username="sllik" version="1.0"><![CDATA[Send a Facebook notification to the user when there is a new reply to a thread that the user is subscribed to?]]></phrase>
			<phrase name="setting_fbconnect_subscribedthreadreplynotify_title" date="1228774714" username="sllik" version="1.0"><![CDATA[New Subscribed Thread Reply Notification]]></phrase>
			<phrase name="settinggroup_fbconnect" date="1228602715" username="sllik" version="1.0"><![CDATA[FB Connect]]></phrase>
		</phrasetype>
	</phrases>
	<options>
		<settinggroup name="fbconnect" displayorder="590">
			<setting varname="fbconnect_apikey" displayorder="0">
				<datatype>free</datatype>
				<optioncode>input:32</optioncode>
			</setting>
			<setting varname="fbconnect_secret" displayorder="2">
				<datatype>free</datatype>
				<optioncode>input:32</optioncode>
			</setting>
			<setting varname="fbconnect_defaultgroup" displayorder="5">
				<datatype>posint</datatype>
				<optioncode>input:3</optioncode>
				<defaultvalue>2</defaultvalue>
			</setting>
			<setting varname="fbconnect_importdata" displayorder="9">
				<datatype>boolean</datatype>
				<optioncode>yesno</optioncode>
				<defaultvalue>0</defaultvalue>
			</setting>
			<setting varname="fbconnect_importfriends" displayorder="9">
				<datatype>boolean</datatype>
				<optioncode>yesno</optioncode>
				<defaultvalue>1</defaultvalue>
			</setting>
			<setting varname="fbconnect_instantthreadreplynotify" displayorder="10">
				<datatype>boolean</datatype>
				<optioncode>yesno</optioncode>
				<defaultvalue>1</defaultvalue>
			</setting>
			<setting varname="fbconnect_ownthreadreplynotify" displayorder="10">
				<datatype>boolean</datatype>
				<optioncode>yesno</optioncode>
				<defaultvalue>1</defaultvalue>
			</setting>
			<setting varname="fbconnect_subscribedthreadreplynotify" displayorder="10">
				<datatype>boolean</datatype>
				<optioncode>yesno</optioncode>
				<defaultvalue>0</defaultvalue>
			</setting>
			<setting varname="fbconnect_newpmnotify" displayorder="10">
				<datatype>boolean</datatype>
				<optioncode>yesno</optioncode>
				<defaultvalue>1</defaultvalue>
			</setting>
			<setting varname="fbconnect_enablefeeds" displayorder="18">
				<datatype>boolean</datatype>
				<optioncode>yesno</optioncode>
				<defaultvalue>1</defaultvalue>
			</setting>
			<setting varname="fbconnect_firstlogintemplateid" displayorder="20">
				<datatype>free</datatype>
				<optioncode>input:32</optioncode>
			</setting>
			<setting varname="fbconnect_newreplytemplateid" displayorder="20">
				<datatype>free</datatype>
				<optioncode>input:32</optioncode>
			</setting>
			<setting varname="fbconnect_newthreadtemplateid" displayorder="20">
				<datatype>free</datatype>
				<optioncode>input:32</optioncode>
			</setting>
		</settinggroup>
	</options>
	<helptopics>
	</helptopics>
	<cronentries>
	</cronentries>
	<faqentries>
	</faqentries>
</product>
